,0,1,2,3,4,5,6,7
0,"[0.015035583242676455, 0.015037916189696318, 0.4923673880289367, 0.492443783143187, 0.492367388028655, 0.49244378314346793, 0.0001503558324267638, 0.39, 0.67]","[0.015037916235063778, 0.015035583288003331, 0.49244378314763193, 0.49236738803229685, 0.49244378314712733, 0.4923673880328032, 0.00015035583288003227, 0.39, 0.67]","[0.015069920168447618, 0.015143907925405814, 0.48876446765214737, 0.49116412062623294, 0.4912023070774695, 0.4936139289373373, 0.004887644676521461, 0.5, 1.0]","[0.015143907855728177, 0.015069920099081823, 0.49116412066330045, 0.4887644676889039, 0.49361392897467016, 0.4912023071143409, 0.004887644676889033, 0.5, 1.0]","[0.015069920122209333, 0.015143907878957282, 0.4912023071029205, 0.4936139289631141, 0.48876446767751214, 0.49116412065184595, 0.004887644676775119, 0.5, 1.0]","[0.015143907927762728, 0.015069920170789708, 0.4936139289361435, 0.491202307076326, 0.4911641206251044, 0.4887644676509692, 0.00488764467650969, 0.5, 1.0]","[0.03227789034571172, 0.034452505841900925, 0.45224191788723045, 0.48271027242190745, 0.452241917887231, 0.48271027242190684, 0.06336323738521889, 0.61, 1.0]","[0.034452505835434064, 0.03227789033920859, 0.48271027242581876, 0.4522419178823252, 0.482710272425818, 0.452241917882326, 0.06336323740139094, 0.61, 1.0]"
1,"[0.01503558316368603, 0.49236738810334973, 0.015037916110640795, 0.49244378321723575, 0.4923673881030943, 0.4924437832174889, 0.00015035583163685947, 0.39, 0.67]","[0.015069920110788858, 0.48876446768370296, 0.01514390786747713, 0.49116412065803433, 0.49120230710911883, 0.49361392896937756, 0.004887644676837022, 0.5, 1.0]","[0.015037916120911534, 0.492443783211749, 0.015035583173952054, 0.4923673880973809, 0.4924437832116253, 0.4923673880975119, 0.00015035583173951907, 0.39, 0.67]","[0.015143907853348466, 0.49116412066508824, 0.015069920096718013, 0.48876446769053894, 0.4936139289763181, 0.49120230711608515, 0.004887644676905384, 0.5, 1.0]","[0.015069920104809863, 0.4912023071116175, 0.015143907861490113, 0.49361392897169143, 0.48876446768604137, 0.4911641206605245, 0.004887644676860416, 0.5, 1.0]","[0.032277890342876245, 0.4522419178851003, 0.03445250583908194, 0.482710272423575, 0.4522419178851003, 0.482710272423575, 0.06336323739217652, 0.61, 1.0]","[0.015143907839188335, 0.493613928982895, 0.015069920082615273, 0.49120230712240903, 0.49116412067144233, 0.48876446769698717, 0.0048876446769698665, 0.5, 1.0]","[0.03445250583646617, 0.48271027242512243, 0.03227789034024547, 0.45224191788311474, 0.48271027242512216, 0.45224191788311535, 0.06336323739865105, 0.61, 1.0]"
2,"[0.24896351314224166, 0.24937741918586595, 0.24937741918586595, 0.24979201335508294, 0.49916943254046864, 0.5008305674590533, 0.0024896351314224146, 0.44, 1.0]","[0.24937810559924736, 0.24814048835101352, 0.2506218955474492, 0.24937810559925289, 0.500000000009549, 0.500000000009543, 0.0024814048835101387, 0.44, 0.67]","[0.24937810559924717, 0.2506218955474222, 0.24814048835104172, 0.24937810559925236, 0.5000000000095485, 0.5000000000095435, 0.0024814048835104267, 0.44, 0.67]","[0.24979201335508275, 0.24937741918586634, 0.24937741918586634, 0.24896351314223958, 0.500830567459053, 0.49916943254047036, 0.0024896351314223973, 0.44, 1.0]","[0.24917149412962203, 0.24999931242003848, 0.24999931242003848, 0.25082988095783987, 0.49587048856434446, 0.49917080662224994, 0.004958704885643455, 0.56, 1.0]","[0.24999393219800384, 0.24754277667360586, 0.25246935893852657, 0.24999393219799726, 0.49753670784620885, 0.4975367078462155, 0.0049265842947760945, 0.56, 1.0]","[0.2499939321980009, 0.2524693589385186, 0.24754277667361113, 0.24999393219800375, 0.49753670784621284, 0.49753670784621074, 0.004926584294776547, 0.56, 1.0]","[0.25082988095784126, 0.24999931242004114, 0.24999931242004114, 0.24917149412962525, 0.4991708066222459, 0.49587048856433824, 0.004958704885643397, 0.56, 1.0]"
3,"[0.24814048835099153, 0.24937810559924994, 0.24937810559925144, 0.2506218955474702, 0.5000000000095471, 0.5000000000095455, 0.0024814048835099262, 0.44, 0.67]","[0.24937741918586703, 0.2489635131422401, 0.2497920133550824, 0.24937741918586678, 0.49916943254046914, 0.5008305674590531, 0.0024896351314224016, 0.44, 1.0]","[0.24937741918586667, 0.24979201335508186, 0.24896351314224044, 0.24937741918586664, 0.5008305674590537, 0.4991694325404691, 0.0024896351314224003, 0.44, 1.0]","[0.25062189554741937, 0.24937810559925663, 0.2493781055992505, 0.24814048835103722, 0.5000000000095427, 0.5000000000095488, 0.00248140488351038, 0.44, 0.67]","[0.24754277667356842, 0.2499939321979958, 0.24999393219799976, 0.25246935893856154, 0.4975367078462156, 0.49753670784621146, 0.004926584294775691, 0.56, 1.0]","[0.24999931242000772, 0.24917149412959502, 0.25082988095781517, 0.24999931242000775, 0.49587048856440114, 0.499170806622306, 0.004958704885644008, 0.56, 1.0]","[0.24999931242004425, 0.25082988095784853, 0.2491714941296305, 0.24999931242004414, 0.4991708066222356, 0.4958704885643301, 0.004958704885643308, 0.56, 1.0]","[0.2524693589384232, 0.24999393219800375, 0.24999393219800928, 0.24754277667372426, 0.49753670784620757, 0.4975367078462025, 0.004926584294778243, 0.56, 1.0]"
4,"[0.4887644676945576, 0.015069920088438576, 0.4911641206692172, 0.015143907845032546, 0.4912023071202205, 0.49361392898041223, 0.004887644676945584, 0.5, 1.0]","[0.49236738799775376, 0.015035583348328675, 0.492443783112807, 0.015037916295479539, 0.4923673879977166, 0.4924437831128505, 0.00015035583348328688, 0.39, 0.67]","[0.49116412065574644, 0.015143907872297201, 0.4887644676812355, 0.015069920115585571, 0.493613928966878, 0.49120230710683654, 0.004887644676812352, 0.5, 1.0]","[0.4924437831832216, 0.015037916171478214, 0.4923673880690387, 0.015035583224477598, 0.4924437831835557, 0.4923673880687041, 0.000150355832244775, 0.39, 0.67]","[0.45224191788976875, 0.03227789034920063, 0.48271027241978826, 0.03445250584536883, 0.452241917889769, 0.48271027241978803, 0.06336323737668531, 0.61, 1.0]","[0.4912023070809633, 0.015069920161440053, 0.4936139289407967, 0.015143907918376052, 0.4887644676555553, 0.49116412062972264, 0.004887644676555556, 0.5, 1.0]","[0.48271027243129644, 0.0344525058261158, 0.4522419178750562, 0.03227789032983834, 0.48271027243129655, 0.45224191787505613, 0.06336323742477398, 0.61, 1.0]","[0.4936139289357144, 0.015143907928660785, 0.4912023070758763, 0.015069920171688162, 0.4911641206246248, 0.4887644676505492, 0.004887644676505489, 0.5, 1.0]"
5,"[0.48876446768237636, 0.49116412065673704, 0.015069920112348882, 0.015143907869059602, 0.4912023071078697, 0.49361392896797496, 0.004887644676823767, 0.5, 1.0]","[0.4911641206635158, 0.48876446768909804, 0.01514390785532989, 0.015069920098681865, 0.4936139289748746, 0.4912023071145182, 0.004887644676890984, 0.5, 1.0]","[0.4923673879350769, 0.4924437830507949, 0.015035583454807667, 0.01503791640204307, 0.49236738793516527, 0.4924437830507117, 0.00015035583454807655, 0.39, 0.67]","[0.4924437832848706, 0.49236738817175285, 0.015037915986905627, 0.015035583040054099, 0.4924437832852098, 0.49236738817141357, 0.0001503558304005397, 0.39, 0.67]","[0.4522419178852271, 0.48271027242355724, 0.032277890343018444, 0.034452505839222644, 0.45224191788522666, 0.4827102724235575, 0.0633632373919233, 0.61, 1.0]","[0.4827102724240437, 0.4522419178844858, 0.03445250583833063, 0.03227789034212079, 0.4827102724240429, 0.45224191788448664, 0.06336323739416973, 0.61, 1.0]","[0.49120230707768947, 0.4936139289375239, 0.015069920168038266, 0.015143907925001126, 0.4887644676523615, 0.49116412062641424, 0.004887644676523631, 0.5, 1.0]","[0.49361392896804784, 0.49120230710774154, 0.015143907870188385, 0.015069920113485158, 0.49116412065671605, 0.48876446768235876, 0.004887644676823595, 0.5, 1.0]"
6,"[0.015035583114550026, 0.4923673881302841, 0.4923673881307753, 0.015037916061476411, 0.4924437832446197, 0.49244378324413157, 0.0001503558311455007, 0.39, 0.67]","[0.01506992011161513, 0.4887644676830958, 0.4912023071086309, 0.015143907868318889, 0.49116412065750154, 0.4936139289687132, 0.004887644676830963, 0.5, 1.0]","[0.015069920092740054, 0.4912023071175095, 0.48876446769198745, 0.015143907849366384, 0.49361392897775935, 0.4911641206664792, 0.004887644676919875, 0.5, 1.0]","[0.032277890345499986, 0.4522419178871121, 0.45224191788711327, 0.03445250584169088, 0.4827102724220573, 0.48271027242205633, 0.06336323738570744, 0.61, 1.0]","[0.015037915916481816, 0.4924437833230431, 0.49244378332263694, 0.015035582969722433, 0.49236738820948084, 0.4923673882098899, 0.00015035582969722368, 0.39, 0.67]","[0.015143907872484716, 0.4911641206551261, 0.4936139289662259, 0.01506992011575381, 0.48876446768062, 0.49120230710622836, 0.004887644676806186, 0.5, 1.0]","[0.01514390786723296, 0.4936139289688831, 0.4911641206576669, 0.015069920110536006, 0.4912023071087621, 0.48876446768322535, 0.004887644676832237, 0.5, 1.0]","[0.03445250582982159, 0.48271027242911574, 0.4827102724291156, 0.03227789033356381, 0.4522419178780622, 0.4522419178780624, 0.0633632374152434, 0.61, 1.0]"
7,"[0.24896351314224133, 0.24937741918586645, 0.49916943254046847, 0.24937741918586626, 0.249792013355079, 0.5008305674590567, 0.0024896351314224107, 0.44, 1.0]","[0.2493781055992509, 0.24814048835098582, 0.5000000000095473, 0.25062189554747316, 0.2493781055992524, 0.5000000000095457, 0.002481404883509858, 0.44, 0.67]","[0.24917149412961684, 0.24999931242003345, 0.4958704885643542, 0.24999931242003384, 0.2508298809578362, 0.49917080662225866, 0.004958704885643547, 0.56, 1.0]","[0.2499939321979882, 0.24754277667338842, 0.49753670784622395, 0.25246935893872025, 0.2499939321979877, 0.49753670784622495, 0.004926584294772489, 0.56, 1.0]","[0.2493781055992489, 0.25062189554746794, 0.5000000000095477, 0.2481404883509942, 0.24937810559925191, 0.5000000000095448, 0.002481404883509948, 0.44, 0.67]","[0.24979201335508233, 0.24937741918586617, 0.5008305674590537, 0.24937741918586617, 0.24896351314224077, 0.4991694325404692, 0.0024896351314224086, 0.44, 1.0]","[0.24999393219800237, 0.25246935893845385, 0.4975367078462089, 0.24754277667368868, 0.2499939321980076, 0.49753670784620385, 0.004926584294777883, 0.56, 1.0]","[0.25082988095783976, 0.24999931242003906, 0.49917080662224966, 0.24999931242003903, 0.2491714941296248, 0.49587048856434074, 0.004958704885643399, 0.56, 1.0]"
8,"[0.24896351314223955, 0.49916943254046925, 0.24937741918586748, 0.24937741918586748, 0.24979201335508242, 0.5008305674590523, 0.0024896351314223925, 0.44, 1.0]","[0.24917149412962558, 0.495870488564336, 0.2499993124200428, 0.2499993124200431, 0.2508298809578434, 0.49917080662224195, 0.004958704885643361, 0.56, 1.0]","[0.2493781055992485, 0.5000000000095485, 0.2481404883510108, 0.25062189554745035, 0.24937810559925325, 0.5000000000095436, 0.0024814048835101153, 0.44, 0.67]","[0.24999393219800978, 0.49753670784620624, 0.2475427766736941, 0.25246935893844147, 0.2499939321980098, 0.4975367078462058, 0.004926584294777953, 0.56, 1.0]","[0.24937810559925477, 0.500000000009543, 0.2506218955474541, 0.24814048835100483, 0.24937810559924986, 0.5000000000095481, 0.002481404883510053, 0.44, 0.67]","[0.24999393219800797, 0.4975367078462027, 0.25246935893847794, 0.24754277667366575, 0.2499939321979968, 0.4975367078462132, 0.0049265842947774805, 0.56, 1.0]","[0.2497920133550804, 0.500830567459055, 0.2493774191858667, 0.24937741918586678, 0.24896351314223886, 0.49916943254047075, 0.00248963513142239, 0.44, 1.0]","[0.25082988095782993, 0.49917080662227215, 0.2499993124200266, 0.2499993124200266, 0.24917149412961087, 0.49587048856436705, 0.004958704885643671, 0.56, 1.0]"
9,"[0.3311285671523143, 0.3327800676062426, 0.3327800676062423, 0.3327800914943696, 0.33278009149437, 0.33443982897524904, 0.0033112856715231376, 0.5, 1.0]","[0.33278006760567375, 0.3311285671528791, 0.33278009149493504, 0.33278006760567114, 0.3344398289746844, 0.332780091494938, 0.003311285671528804, 0.5, 1.0]","[0.3327800676037469, 0.33278009149686755, 0.3311285671547763, 0.3344398289727524, 0.3327800676037492, 0.33278009149686555, 0.003311285671547776, 0.5, 1.0]","[0.3344263166142047, 0.33114734828365644, 0.3311473482836623, 0.33442631661420624, 0.33442631661420064, 0.3311473482836609, 0.003279005306038151, 0.5, 0.67]","[0.3311473482836594, 0.33442631661421757, 0.3344263166141957, 0.3311473482836432, 0.33114734828366515, 0.3344263166142115, 0.003279005306038237, 0.5, 0.67]","[0.33278009149556365, 0.33278006760504586, 0.3344398289740561, 0.3311285671534982, 0.3327800914955658, 0.33278006760504386, 0.0033112856715349893, 0.5, 1.0]","[0.3327800914939526, 0.3344398289756662, 0.3327800676066573, 0.33278009149395454, 0.33112856715190647, 0.3327800676066556, 0.0033112856715190766, 0.5, 1.0]","[0.3344398289732736, 0.33278009149634574, 0.3327800914963435, 0.3327800676042703, 0.3327800676042725, 0.33112856715425865, 0.0033112856715426012, 0.5, 1.0]"
10,"[0.24814048835102442, 0.24937810559925805, 0.5000000000095416, 0.24937810559924897, 0.25062189554743197, 0.5000000000095501, 0.00248140488351025, 0.44, 0.67]","[0.24937741918586803, 0.24896351314224022, 0.49916943254046797, 0.2497920133550803, 0.24937741918586825, 0.5008305674590537, 0.002489635131422398, 0.44, 1.0]","[0.24754277667361405, 0.249993932198003, 0.49753670784620846, 0.24999393219799895, 0.25246935893852085, 0.49753670784621346, 0.004926584294776303, 0.56, 1.0]","[0.24999931242004458, 0.2491714941296303, 0.4958704885643298, 0.2508298809578449, 0.2499993124200449, 0.49917080662223884, 0.004958704885643301, 0.56, 1.0]","[0.24937741918586626, 0.24979201335508303, 0.500830567459053, 0.2489635131422389, 0.2493774191858663, 0.49916943254047125, 0.002489635131422388, 0.44, 1.0]","[0.25062189554740555, 0.24937810559924686, 0.5000000000095483, 0.24937810559925166, 0.2481404883510597, 0.5000000000095433, 0.0024814048835106028, 0.44, 0.67]","[0.24999931242003318, 0.25082988095783704, 0.4991708066222581, 0.24917149412962225, 0.24999931242003345, 0.49587048856434884, 0.004958704885643497, 0.56, 1.0]","[0.2524693589384621, 0.24999393219800356, 0.4975367078462069, 0.24999393219800323, 0.2475427766736817, 0.49753670784620707, 0.0049265842947775786, 0.56, 1.0]"
11,"[0.48876446768424986, 0.015069920109610958, 0.4912023071097065, 0.4911641206586606, 0.015143907866297653, 0.49361392896992995, 0.004887644676842511, 0.5, 1.0]","[0.49236738798365615, 0.015035583372033675, 0.49236738798407664, 0.4924437830993317, 0.015037916319190473, 0.4924437830989159, 0.00015035583372033663, 0.39, 0.67]","[0.4522419178908018, 0.03227789035076223, 0.45224191789080204, 0.48271027241887005, 0.034452505846921076, 0.4827102724188699, 0.06336323737312811, 0.61, 1.0]","[0.49120230710811663, 0.01506992011183832, 0.4887644676826041, 0.4936139289682516, 0.015143907868544564, 0.4911641206569908, 0.004887644676826038, 0.5, 1.0]","[0.49116412062653925, 0.015143907924725381, 0.4936139289377046, 0.4887644676525051, 0.01506992016776778, 0.491202307077778, 0.004887644676525065, 0.5, 1.0]","[0.492443783089315, 0.015037916336060213, 0.4924437830893541, 0.49236738797402524, 0.015035583388873907, 0.49236738797398716, 0.00015035583388873892, 0.39, 0.67]","[0.48271027242086867, 0.03445250584361007, 0.4827102724208684, 0.45224191788842605, 0.03227789034743143, 0.4522419178884264, 0.06336323738113347, 0.61, 1.0]","[0.4936139289745687, 0.015143907856952249, 0.49116412066324183, 0.4912023071143023, 0.015069920100306661, 0.488764467688821, 0.004887644676888214, 0.5, 1.0]"
12,"[0.33112856715338024, 0.3327800676051638, 0.33278009149544785, 0.3327800676051628, 0.3327800914954489, 0.33443982897417135, 0.0033112856715338127, 0.5, 1.0]","[0.33278006760840484, 0.331128567150179, 0.33278006760840295, 0.3327800914922085, 0.33443982897740737, 0.3327800914922104, 0.0033112856715017858, 0.5, 1.0]","[0.33114734828365255, 0.3344263166142152, 0.3311473482836505, 0.33442631661420563, 0.33114734828366016, 0.3344263166142076, 0.0032790053060383195, 0.5, 0.67]","[0.3327800914940466, 0.33278006760656714, 0.3311285671519946, 0.3344398289755699, 0.3327800914940493, 0.33278006760656403, 0.003311285671519959, 0.5, 1.0]","[0.33278006760593987, 0.33278009149467075, 0.33443982897495034, 0.331128567152613, 0.33278006760594186, 0.33278009149466864, 0.0033112856715261435, 0.5, 1.0]","[0.3344263166142145, 0.33114734828364634, 0.3344263166142077, 0.33114734828366205, 0.33442631661419203, 0.33114734828366865, 0.00327900530603812, 0.5, 0.67]","[0.33278009149601046, 0.3344398289736065, 0.33278009149601734, 0.3327800676046008, 0.3311285671539394, 0.3327800676045938, 0.003311285671539405, 0.5, 1.0]","[0.33443982897246144, 0.3327800914971593, 0.3327800676034526, 0.33278009149715937, 0.33278006760345225, 0.3311285671550699, 0.0033112856715507063, 0.5, 1.0]"
13,"[0.4958704885643743, 0.2491714941296074, 0.24999931242002268, 0.24999931242002268, 0.4991708066222812, 0.25082988095782494, 0.004958704885643756, 0.56, 1.0]","[0.4991694325404689, 0.24896351314224058, 0.2493774191858667, 0.2493774191858667, 0.5008305674590543, 0.24979201335508106, 0.0024896351314224047, 0.44, 1.0]","[0.49753670784620585, 0.24999393219800564, 0.24754277667369048, 0.25246935893845346, 0.4975367078462065, 0.24999393219800475, 0.004926584294777838, 0.56, 1.0]","[0.5000000000095469, 0.24937810559924836, 0.24814048835103003, 0.2506218955474345, 0.5000000000095445, 0.249378105599251, 0.0024814048835103105, 0.44, 0.67]","[0.4975367078462058, 0.24999393219800692, 0.25246935893842876, 0.24754277667371508, 0.4975367078462036, 0.2499939321980095, 0.004926584294778073, 0.56, 1.0]","[0.5000000000095484, 0.2493781055992461, 0.25062189554745856, 0.24814048835100677, 0.500000000009544, 0.24937810559925047, 0.0024814048835100776, 0.44, 0.67]","[0.4991708066222212, 0.2508298809578564, 0.24999931242005025, 0.24999931242005025, 0.4958704885643185, 0.249171494129636, 0.004958704885643193, 0.56, 1.0]","[0.5008305674590532, 0.24979201335508192, 0.24937741918586737, 0.24937741918586737, 0.49916943254046897, 0.2489635131422398, 0.0024896351314223977, 0.44, 1.0]"
14,"[0.48876446768237636, 0.49116412065673704, 0.015069920112348882, 0.015143907869059602, 0.4912023071078697, 0.49361392896797496, 0.004887644676823767, 0.5, 1.0]","[0.4911641206635158, 0.48876446768909804, 0.01514390785532989, 0.015069920098681865, 0.4936139289748746, 0.4912023071145182, 0.004887644676890984, 0.5, 1.0]","[0.4522419178852271, 0.48271027242355724, 0.032277890343018444, 0.034452505839222644, 0.45224191788522666, 0.4827102724235575, 0.0633632373919233, 0.61, 1.0]","[0.4827102724240437, 0.4522419178844858, 0.03445250583833063, 0.03227789034212079, 0.4827102724240429, 0.45224191788448664, 0.06336323739416973, 0.61, 1.0]","[0.4923673879350769, 0.4924437830507949, 0.015035583454807667, 0.01503791640204307, 0.49236738793516527, 0.4924437830507117, 0.00015035583454807655, 0.39, 0.67]","[0.4924437832848706, 0.49236738817175285, 0.015037915986905627, 0.015035583040054099, 0.4924437832852098, 0.49236738817141357, 0.0001503558304005397, 0.39, 0.67]","[0.49120230707768947, 0.4936139289375239, 0.015069920168038266, 0.015143907925001126, 0.4887644676523615, 0.49116412062641424, 0.004887644676523631, 0.5, 1.0]","[0.49361392896804784, 0.49120230710774154, 0.015143907870188385, 0.015069920113485158, 0.49116412065671605, 0.48876446768235876, 0.004887644676823595, 0.5, 1.0]"
15,"[0.24814048835100086, 0.24937810559925505, 0.500000000009544, 0.2493781055992513, 0.5000000000095475, 0.2506218955474565, 0.0024814048835100195, 0.44, 0.67]","[0.24754277667362448, 0.24999393219800592, 0.4975367078462107, 0.24999393219800584, 0.49753670784621035, 0.252469358938503, 0.004926584294776813, 0.56, 1.0]","[0.24937741918586767, 0.24896351314223972, 0.4991694325404688, 0.24979201335508155, 0.5008305674590532, 0.24937741918586764, 0.002489635131422395, 0.44, 1.0]","[0.24999931242003529, 0.2491714941296236, 0.49587048856434607, 0.25082988095783953, 0.49917080662225366, 0.2499993124200351, 0.004958704885643468, 0.56, 1.0]","[0.24937741918586692, 0.2497920133550804, 0.5008305674590551, 0.24896351314224002, 0.49916943254046925, 0.24937741918586695, 0.0024896351314223986, 0.44, 1.0]","[0.24999931242002904, 0.25082988095783515, 0.49917080662226443, 0.24917149412961379, 0.4958704885643618, 0.24999931242002907, 0.004958704885643624, 0.56, 1.0]","[0.2506218955474086, 0.2493781055992509, 0.5000000000095467, 0.24937810559925228, 0.5000000000095457, 0.2481404883510513, 0.002481404883510521, 0.44, 0.67]","[0.2524693589384127, 0.24999393219800609, 0.4975367078462055, 0.24999393219801125, 0.4975367078462017, 0.24754277667373392, 0.004926584294778558, 0.56, 1.0]"
16,"[0.33112856715338024, 0.3327800676051638, 0.33278009149544785, 0.3327800676051628, 0.3327800914954489, 0.33443982897417135, 0.0033112856715338127, 0.5, 1.0]","[0.33114734828365255, 0.3344263166142152, 0.3311473482836505, 0.33442631661420563, 0.33114734828366016, 0.3344263166142076, 0.0032790053060383195, 0.5, 0.67]","[0.33278006760840484, 0.331128567150179, 0.33278006760840295, 0.3327800914922085, 0.33443982897740737, 0.3327800914922104, 0.0033112856715017858, 0.5, 1.0]","[0.3327800914940466, 0.33278006760656714, 0.3311285671519946, 0.3344398289755699, 0.3327800914940493, 0.33278006760656403, 0.003311285671519959, 0.5, 1.0]","[0.33278006760593987, 0.33278009149467075, 0.33443982897495034, 0.331128567152613, 0.33278006760594186, 0.33278009149466864, 0.0033112856715261435, 0.5, 1.0]","[0.33278009149601046, 0.3344398289736065, 0.33278009149601734, 0.3327800676046008, 0.3311285671539394, 0.3327800676045938, 0.003311285671539405, 0.5, 1.0]","[0.3344263166142145, 0.33114734828364634, 0.3344263166142077, 0.33114734828366205, 0.33442631661419203, 0.33114734828366865, 0.00327900530603812, 0.5, 0.67]","[0.33443982897246144, 0.3327800914971593, 0.3327800676034526, 0.33278009149715937, 0.33278006760345225, 0.3311285671550699, 0.0033112856715507063, 0.5, 1.0]"
17,"[0.48876446768424986, 0.015069920109610958, 0.4912023071097065, 0.4911641206586606, 0.015143907866297653, 0.49361392896992995, 0.004887644676842511, 0.5, 1.0]","[0.4522419178908018, 0.03227789035076223, 0.45224191789080204, 0.48271027241887005, 0.034452505846921076, 0.4827102724188699, 0.06336323737312811, 0.61, 1.0]","[0.49236738798365615, 0.015035583372033675, 0.49236738798407664, 0.4924437830993317, 0.015037916319190473, 0.4924437830989159, 0.00015035583372033663, 0.39, 0.67]","[0.49120230710811663, 0.01506992011183832, 0.4887644676826041, 0.4936139289682516, 0.015143907868544564, 0.4911641206569908, 0.004887644676826038, 0.5, 1.0]","[0.49116412062653925, 0.015143907924725381, 0.4936139289377046, 0.4887644676525051, 0.01506992016776778, 0.491202307077778, 0.004887644676525065, 0.5, 1.0]","[0.48271027242086867, 0.03445250584361007, 0.4827102724208684, 0.45224191788842605, 0.03227789034743143, 0.4522419178884264, 0.06336323738113347, 0.61, 1.0]","[0.492443783089315, 0.015037916336060213, 0.4924437830893541, 0.49236738797402524, 0.015035583388873907, 0.49236738797398716, 0.00015035583388873892, 0.39, 0.67]","[0.4936139289745687, 0.015143907856952249, 0.49116412066324183, 0.4912023071143023, 0.015069920100306661, 0.488764467688821, 0.004887644676888214, 0.5, 1.0]"
18,"[0.4958704885643453, 0.2491714941296238, 0.24999931242003554, 0.4991708066222511, 0.24999931242003545, 0.2508298809578421, 0.004958704885643467, 0.56, 1.0]","[0.4975367078462018, 0.24999393219801222, 0.24754277667372823, 0.497536707846206, 0.2524693589384138, 0.24999393219800806, 0.004926584294778631, 0.56, 1.0]","[0.4991694325404669, 0.24896351314224244, 0.24937741918586676, 0.5008305674590547, 0.24937741918586673, 0.24979201335508078, 0.0024896351314224246, 0.44, 1.0]","[0.5000000000095481, 0.2493781055992428, 0.24814048835102345, 0.5000000000095437, 0.2506218955474496, 0.2493781055992467, 0.0024814048835102302, 0.44, 0.67]","[0.4975367078462091, 0.24999393219800692, 0.25246935893846906, 0.497536707846208, 0.2475427766736644, 0.24999393219800753, 0.00492658429477745, 0.56, 1.0]","[0.49917080662225505, 0.2508298809578388, 0.2499993124200349, 0.49587048856434596, 0.24999931242003456, 0.2491714941296241, 0.004958704885643456, 0.56, 1.0]","[0.5000000000095486, 0.24937810559924828, 0.25062189554741415, 0.5000000000095425, 0.24814048835104663, 0.2493781055992549, 0.002481404883510473, 0.44, 0.67]","[0.5008305674590529, 0.24979201335508208, 0.24937741918586737, 0.4991694325404701, 0.24937741918586745, 0.2489635131422391, 0.002489635131422391, 0.44, 1.0]"
19,"[0.4887644676848874, 0.49116412065926746, 0.015069920108335504, 0.49120230711031576, 0.015143907865018836, 0.4936139289706012, 0.0048876446768488764, 0.5, 1.0]","[0.45224191788577983, 0.4827102724230357, 0.032277890343799354, 0.45224191788577894, 0.03445250583999914, 0.4827102724230366, 0.06336323738994894, 0.61, 1.0]","[0.4911641206576554, 0.48876446768334725, 0.015143907867125626, 0.49361392896895795, 0.015069920110422358, 0.4912023071087963, 0.004887644676833473, 0.5, 1.0]","[0.4827102724195055, 0.45224191789013124, 0.03445250584589662, 0.4827102724195065, 0.03227789034973193, 0.4522419178901301, 0.06336323737551579, 0.61, 1.0]","[0.49236738804101987, 0.49244378315611737, 0.015035583272981507, 0.4923673880413485, 0.01503791622002677, 0.492443783155787, 0.00015035583272981473, 0.39, 0.67]","[0.4912023071110633, 0.49361392897122564, 0.015069920106932153, 0.488764467685568, 0.015143907863608471, 0.49116412065999254, 0.004887644676855693, 0.5, 1.0]","[0.49244378322728183, 0.49236738811314723, 0.01503791609284547, 0.49244378322727267, 0.015035583145926987, 0.49236738811314845, 0.0001503558314592688, 0.39, 0.67]","[0.4936139289642875, 0.4912023071040862, 0.01514390787659264, 0.49116412065297366, 0.015069920119852795, 0.48876446767870274, 0.004887644676787026, 0.5, 1.0]"
20,"[0.49587048856434723, 0.4991708066222501, 0.249171494129621, 0.24999931242003667, 0.24999931242003667, 0.2508298809578418, 0.004958704885643478, 0.56, 1.0]","[0.49753670784620857, 0.49753670784621257, 0.2499939321980074, 0.24754277667362365, 0.2524693589385053, 0.24999393219800298, 0.004926584294776653, 0.56, 1.0]","[0.49753670784620385, 0.497536707846211, 0.2499939321980075, 0.2524693589384618, 0.24754277667368113, 0.24999393219800006, 0.004926584294777648, 0.56, 1.0]","[0.4991708066222363, 0.4958704885643314, 0.25082988095784875, 0.2499993124200431, 0.2499993124200431, 0.24917149412963005, 0.004958704885643327, 0.56, 1.0]","[0.49916943254046936, 0.5008305674590531, 0.24896351314224038, 0.24937741918586662, 0.24937741918586662, 0.2497920133550826, 0.0024896351314224047, 0.44, 1.0]","[0.5000000000095431, 0.5000000000095488, 0.24937810559925233, 0.2481404883510075, 0.25062189554745673, 0.24937810559924617, 0.0024814048835100763, 0.44, 0.67]","[0.5000000000095458, 0.5000000000095469, 0.24937810559925122, 0.250621895547455, 0.24814048835100616, 0.24937810559925003, 0.00248140488351007, 0.44, 0.67]","[0.5008305674590551, 0.49916943254046986, 0.24979201335508164, 0.24937741918586553, 0.24937741918586553, 0.24896351314224074, 0.0024896351314224094, 0.44, 1.0]"
21,"[0.3311473482836599, 0.33114734828365927, 0.33442631661420547, 0.33114734828366293, 0.33442631661420186, 0.3344263166142021, 0.0032790053060379513, 0.5, 0.67]","[0.33112856715592537, 0.33278009149802357, 0.33278006760258555, 0.33278009149802146, 0.33278006760258816, 0.33443982897160013, 0.003311285671559268, 0.5, 1.0]","[0.33278009149434734, 0.33112856715229105, 0.3327800676062642, 0.33278009149434284, 0.3344398289752742, 0.33278006760626894, 0.0033112856715229217, 0.5, 1.0]","[0.33278006760664447, 0.33278006760664014, 0.3311285671519211, 0.3344398289756527, 0.33278009149396515, 0.3327800914939693, 0.0033112856715192193, 0.5, 1.0]","[0.33278009149455345, 0.3327800914945537, 0.334439828975066, 0.33112856715249694, 0.3327800676060579, 0.33278006760605766, 0.003311285671524976, 0.5, 1.0]","[0.3327800676058723, 0.3344398289748776, 0.33278009149473997, 0.3327800676058706, 0.33112856715268063, 0.3327800914947421, 0.003311285671526825, 0.5, 1.0]","[0.33443982897256247, 0.33278006760354734, 0.332780091497062, 0.33278006760355244, 0.33278009149705734, 0.3311285671549745, 0.0033112856715497513, 0.5, 1.0]","[0.3344263166142025, 0.33442631661420447, 0.33114734828365716, 0.33442631661419403, 0.33114734828366776, 0.3311473482836655, 0.003279005306037979, 0.5, 0.67]"
22,"[0.24754277667367677, 0.4975367078462049, 0.24999393219801053, 0.49753670784621096, 0.24999393219800572, 0.25246935893845723, 0.004926584294777617, 0.56, 1.0]","[0.2481404883510021, 0.5000000000095445, 0.24937810559925153, 0.5000000000095471, 0.24937810559924897, 0.2506218955474609, 0.0024814048835100273, 0.44, 0.67]","[0.24999931242004136, 0.49587048856433735, 0.24917149412962591, 0.49917080662224494, 0.2508298809578419, 0.2499993124200415, 0.004958704885643387, 0.56, 1.0]","[0.2493774191858669, 0.49916943254046914, 0.24896351314224022, 0.5008305674590535, 0.24979201335508158, 0.24937741918586698, 0.0024896351314224047, 0.44, 1.0]","[0.24999931242001844, 0.4991708066222864, 0.25082988095782377, 0.49587048856438204, 0.24917149412960352, 0.24999931242001897, 0.004958704885643835, 0.56, 1.0]","[0.249377419185867, 0.5008305674590543, 0.249792013355081, 0.49916943254046814, 0.24896351314224133, 0.24937741918586703, 0.002489635131422415, 0.44, 1.0]","[0.25246935893843164, 0.4975367078462034, 0.24999393219800986, 0.4975367078462075, 0.24999393219800528, 0.24754277667371177, 0.0049265842947779975, 0.56, 1.0]","[0.2506218955473718, 0.5000000000095453, 0.2493781055992562, 0.5000000000095439, 0.24937810559925738, 0.24814048835107944, 0.0024814048835108036, 0.44, 0.67]"
23,"[0.4975367078462049, 0.24754277667367677, 0.24999393219801053, 0.49753670784621096, 0.24999393219800572, 0.25246935893845723, 0.004926584294777617, 0.56, 1.0]","[0.49587048856433735, 0.24999931242004136, 0.24917149412962591, 0.49917080662224494, 0.2508298809578419, 0.2499993124200415, 0.004958704885643387, 0.56, 1.0]","[0.5000000000095445, 0.2481404883510021, 0.24937810559925153, 0.5000000000095471, 0.24937810559924897, 0.2506218955474609, 0.0024814048835100273, 0.44, 0.67]","[0.49916943254046914, 0.2493774191858669, 0.24896351314224022, 0.5008305674590535, 0.24979201335508158, 0.24937741918586698, 0.0024896351314224047, 0.44, 1.0]","[0.4991708066222864, 0.24999931242001844, 0.25082988095782377, 0.49587048856438204, 0.24917149412960352, 0.24999931242001897, 0.004958704885643835, 0.56, 1.0]","[0.4975367078462034, 0.25246935893843164, 0.24999393219800986, 0.4975367078462075, 0.24999393219800528, 0.24754277667371177, 0.0049265842947779975, 0.56, 1.0]","[0.5008305674590543, 0.249377419185867, 0.249792013355081, 0.49916943254046814, 0.24896351314224133, 0.24937741918586703, 0.002489635131422415, 0.44, 1.0]","[0.5000000000095453, 0.2506218955473718, 0.2493781055992562, 0.5000000000095439, 0.24937810559925738, 0.24814048835107944, 0.0024814048835108036, 0.44, 0.67]"
24,"[0.45224191789339635, 0.45224191789339657, 0.03227789035434712, 0.48271027241665954, 0.48271027241665915, 0.03445250585048394, 0.06336323736432196, 0.61, 1.0]","[0.48876446766095016, 0.4912023070863375, 0.015069920150450644, 0.4911641206351593, 0.4936139289462926, 0.015143907907332608, 0.004887644676609501, 0.5, 1.0]","[0.49120230711233565, 0.4887644676867871, 0.015069920103319279, 0.49361392897247003, 0.49116412066125004, 0.015143907859989541, 0.004887644676867869, 0.5, 1.0]","[0.49236738807806424, 0.49236738807748887, 0.01503558320871838, 0.49244378319190213, 0.49244378319248205, 0.015037916155714355, 0.00015035583208718336, 0.39, 0.67]","[0.4827102724211463, 0.4827102724211463, 0.03445250584313499, 0.45224191788807694, 0.4522419178880771, 0.032277890346953976, 0.06336323738228043, 0.61, 1.0]","[0.4911641206643378, 0.49361392897571427, 0.015143907853626019, 0.4887644676899183, 0.49120230711537477, 0.015069920096994897, 0.004887644676899189, 0.5, 1.0]","[0.4936139289744613, 0.49116412066313503, 0.015143907856076963, 0.4912023071142074, 0.48876446768874166, 0.015069920099425973, 0.0048876446768874125, 0.5, 1.0]","[0.49244378314916004, 0.4924437831494132, 0.01503791623174975, 0.4923673880345911, 0.492367388034337, 0.01503558328468093, 0.00015035583284680825, 0.39, 0.67]"
25,"[0.497536707846204, 0.4975367078462046, 0.24754277667372337, 0.24999393219800908, 0.24999393219800894, 0.25246935893842004, 0.004926584294778544, 0.56, 1.0]","[0.49587048856427657, 0.4991708066221806, 0.24999931242007, 0.24917149412965875, 0.25082988095787684, 0.24999931242007, 0.00495870488564278, 0.56, 1.0]","[0.49917080662224655, 0.4958704885643389, 0.24999931242003876, 0.25082988095784303, 0.2491714941296274, 0.2499993124200384, 0.004958704885643405, 0.56, 1.0]","[0.4975367078462076, 0.4975367078462109, 0.252469358938487, 0.24999393219800406, 0.24999393219800137, 0.24754277667365135, 0.004926584294777216, 0.56, 1.0]","[0.5000000000095481, 0.5000000000095411, 0.2481404883510446, 0.2493781055992468, 0.24937810559925364, 0.2506218955474193, 0.002481404883510456, 0.44, 0.67]","[0.49916943254046997, 0.5008305674590547, 0.24937741918586726, 0.2489635131422389, 0.24979201335508008, 0.24937741918586756, 0.0024896351314223904, 0.44, 1.0]","[0.5008305674590536, 0.49916943254046997, 0.24937741918586687, 0.2497920133550818, 0.24896351314223925, 0.24937741918586695, 0.0024896351314223943, 0.44, 1.0]","[0.5000000000095427, 0.5000000000095484, 0.25062189554743897, 0.2493781055992548, 0.2493781055992489, 0.248140488351021, 0.0024814048835102203, 0.44, 0.67]"
26,"[0.45224191788314966, 0.48271027242507647, 0.45224191788314894, 0.03227789034030513, 0.48271027242507725, 0.03445250583652522, 0.06336323739850465, 0.61, 1.0]","[0.4887644676806989, 0.49116412065513093, 0.4912023071062294, 0.01506992011567401, 0.4936139289663084, 0.01514390787239402, 0.0048876446768069725, 0.5, 1.0]","[0.48271027243067416, 0.4522419178759386, 0.482710272430674, 0.0344525058272124, 0.45224191787593904, 0.032277890330942124, 0.06336323742201577, 0.61, 1.0]","[0.49116412062711345, 0.48876446765307896, 0.4936139289382564, 0.015143907923573917, 0.4912023070783571, 0.015069920166617857, 0.004887644676530794, 0.5, 1.0]","[0.49120230707942736, 0.49361392893929024, 0.4887644676540588, 0.015069920164497336, 0.49116412062822634, 0.015143907921440049, 0.004887644676540583, 0.5, 1.0]","[0.49236738805989066, 0.49244378317406734, 0.4923673880595226, 0.015035583240588528, 0.4924437831744346, 0.015037916187625879, 0.00015035583240588393, 0.39, 0.67]","[0.49361392894486655, 0.4912023070849177, 0.4911641206337473, 0.015143907910210003, 0.48876446765956544, 0.015069920153320416, 0.004887644676595655, 0.5, 1.0]","[0.4924437830277637, 0.49236738791240087, 0.49244378302821373, 0.015037916440604942, 0.49236738791194495, 0.015035583493293475, 0.00015035583493293417, 0.39, 0.67]"
27,"[0.4522419178837909, 0.48271027242463227, 0.4522419178837909, 0.4827102724246324, 0.032277890341155135, 0.03445250583736941, 0.06336323739652579, 0.61, 1.0]","[0.48271027241640396, 0.45224191789381385, 0.4827102724164034, 0.4522419178938145, 0.034452505850997926, 0.03227789035486315, 0.06336323736309074, 0.61, 1.0]","[0.4887644676589066, 0.4911641206331376, 0.4912023070843342, 0.4936139289442299, 0.015069920155681434, 0.015143907912582615, 0.004887644676589062, 0.5, 1.0]","[0.49116412065715714, 0.4887644676829925, 0.49361392896864303, 0.49120230710825613, 0.01514390786908271, 0.015069920112381533, 0.004887644676829935, 0.5, 1.0]","[0.49120230710765367, 0.4936139289678705, 0.48876446768217635, 0.4911641206566167, 0.015069920113756373, 0.015143907870461359, 0.004887644676821763, 0.5, 1.0]","[0.49361392896636985, 0.49120230710634355, 0.4911641206552303, 0.48876446768078236, 0.015143907872211657, 0.015069920115485795, 0.004887644676807809, 0.5, 1.0]","[0.49236738791340545, 0.492443783029178, 0.49236738791332835, 0.4924437830292573, 0.01503558349121051, 0.015037916438482244, 0.00015035583491210494, 0.39, 0.67]","[0.49244378322771837, 0.4923673881139807, 0.4924437832280134, 0.49236738811367914, 0.015037916091634934, 0.015035583144704406, 0.00015035583144704348, 0.39, 0.67]"
